Codigo,NomeCompleto,ProfissaoDesejada,Sexo,DataNascimento,PretencaoSalarial,UF,MunicipioDeNascimento,EstadoCivil
1,Raul Vitor Lopes da Costa,Analista,M,1998.01.01 00:00:00,1500,AC,Rio Branco,Solteiro
2,Marcelo Vinicius Falcão Martins,Programador de Jogos,M,1998.01.02 00:00:00,5000,Senador Guiomard,Casado
3,Juliana Abreu Amaral,Dona do Google,F,1998.01.03 00:00:00,2000,RO,Porto Velho,Divorciado
4,Cleyciane Farias,Empresaria,F,1998.01.04 00:00:00,2000,SP,São Paulo,Viuvo
5,Jonivalber Manoel Silva,Médico,M,1998.01.05 00:00:00,1500,AC,Rio Branco,Solteiro
6,Raina Maria Maia,Bióloga,M,1998.01.06 00:00:00,1500,AC,Rio Branco,Solteiro
7,Raul Vitor Lopes da Costa,Analista,M,1998.01.07 00:00:00,1500,AC,Rio Branco,Solteiro
8,Marcelo Vinicius Falcão Martins,Programador de Jogos,M,1998.01.08 00:00:00,1500,AC,Rio Branco,Solteiro
9,Juliana Abreu Amaral,Dona do Google,F,1998.01.09 00:00:00,1500,AC,Rio Branco,Solteiro
10,Cleyciane Farias,Empresaria,F,1998.01.10 00:00:00,1500,AC,Rio Branco,Solteiro
11,Jonivalber Manoel Silva,Médico,M,1998.01.11 00:00:00,1500,AC,Rio Branco,Solteiro
12,Raina Maria Maia,Bióloga,M,1998.01.12 00:00:00,1500,AC,Rio Branco,Solteiro
13,Raul Vitor Lopes da Costa,Analista,M,1998.01.13 00:00:00,1500,AC,Rio Branco,Solteiro
14,Marcelo Vinicius Falcão Martins,Programador de Jogos,M,1998.01.14 00:00:00
15,Juliana Abreu Amaral,Dona do Google,F,1998.01.15 00:00:00,1500,AC,Rio Branco,Solteiro
16,Cleyciane Farias,Empresaria,F,1998.01.16 00:00:00,1500,AC,Rio Branco,Solteiro
17,Jonivalber Manoel Silva,Médico,M,1998.01.17 00:00:00,1500,AC,Rio Branco,Solteiro
18,Jonivalber Manoel Silva,Médico,M,1998.01.18 00:00:00,1500,AC,Rio Branco,Solteiro
19,Raina Maria Maia,Bióloga,M,1998.01.19 00:00:00,1500,AC,Rio Branco,Solteiro
20,Raul Vitor Lopes da Costa,Analista,M,1998.01.20 00:00:00,1500,AC,Rio Branco,Solteiro
21,Marcelo Vinicius Falcão Martins,Programador de Jogos,M,1998.01.21 00:00:00,1500,AC,Rio Branco,Solteiro
22,Juliana Abreu Amaral,Dona do Google,F,1998.01.22 00:00:00,1500,AC,Rio Branco,Solteiro
23,Cleyciane Farias,Empresaria,F,1998.01.23 00:00:00,1500,AC,Rio Branco,Solteiro
24,Jonivalber Manoel Silva,Médico,M,1998.01.24 00:00:00,1500,AC,Rio Branco,Solteiro
25,Raina Maria Maia,Bióloga,M,1998.01.25 00:00:00,1500,AC,Rio Branco,Solteiro
26,Raul Vitor Lopes da Costa,Analista,M,1998.01.26 00:00:00,1500,AC,Rio Branco,Solteiro
27,Marcelo Vinicius Falcão Martins,Programador de Jogos,M,1998.01.27 00:00:00,1500,AC,Rio Branco,Solteiro
28,Juliana Abreu Amaral,Dona do Google,F,1998.01.28 00:00:00,1500,AC,Rio Branco,Solteiro
29,Cleyciane Farias,Empresaria,F,1998.01.29 00:00:00,1500,AC,Rio Branco,Solteiro
30,Jonivalber Manoel Silva,Médico,M,1998.01.30 00:00:00,1500,AC,Rio Branco,Solteiro
31,Jonivalber Manoel Silva,Médico,M,1998.02.01 00:00:00,1500,AC,Rio Branco,Solteiro
32,Marcelo Vinicius Falcão Martins,Programador de Jogos,M,1998.02.02 00:00:00,5000,Senador Guiomard,Casado
33,Juliana Abreu Amaral,Dona do Google,F,1998.02.03 00:00:00,2000,RO,Porto Velho,Divorciado
34,Cleyciane Farias,Empresaria,F,1998.02.04 00:00:00,2000,SP,São Paulo,Viuvo
35,Jonivalber Manoel Silva,Médico,M,1998.02.05 00:00:00,1500,AC,Rio Branco,Solteiro
36,Raina Maria Maia,Bióloga,M,1998.02.06 00:00:00,1500,AC,Rio Branco,Solteiro
37,Raul Vitor Lopes da Costa,Analista,M,1998.02.07 00:00:00,1500,AC,Rio Branco,Solteiro
38,Marcelo Vinicius Falcão Martins,Programador de Jogos,M,1998.02.08 00:00:00,1500,AC,Rio Branco,Solteiro
39,Juliana Abreu Amaral,Dona do Google,F,1998.02.09 00:00:00,1500,AC,Rio Branco,Solteiro
40,Cleyciane Farias,Empresaria,F,1998.02.10 00:00:00,1500,AC,Rio Branco,Solteiro
41,Jonivalber Manoel Silva,Médico,M,1998.02.11 00:00:00,1500,AC,Rio Branco,Solteiro
42,Raina Maria Maia,Bióloga,M,1998.02.12 00:00:00,1500,AC,Rio Branco,Solteiro
43,Raul Vitor Lopes da Costa,Analista,M,1998.02.13 00:00:00,1500,AC,Rio Branco,Solteiro
44,Marcelo Vinicius Falcão Martins,Programador de Jogos,M,1998.02.14 00:00:00
45,Juliana Abreu Amaral,Dona do Google,F,1998.02.15 00:00:00,1500,AC,Rio Branco,Solteiro
46,Cleyciane Farias,Empresaria,F,1998.02.16 00:00:00,1500,AC,Rio Branco,Solteiro
47,Jonivalber Manoel Silva,Médico,M,1998.02.17 00:00:00,1500,AC,Rio Branco,Solteiro
48,Jonivalber Manoel Silva,Médico,M,1998.02.18 00:00:00,1500,AC,Rio Branco,Solteiro
49,Raina Maria Maia,Bióloga,M,1998.02.19 00:00:00,1500,AC,Rio Branco,Solteiro
50,Raul Vitor Lopes da Costa,Analista,M,1998.02.20 00:00:00,1500,AC,Rio Branco,Solteiro
51,Marcelo Vinicius Falcão Martins,Programador de Jogos,M,1998.02.21 00:00:00,1500,AC,Rio Branco,Solteiro
52,Juliana Abreu Amaral,Dona do Google,F,1998.02.22 00:00:00,1500,AC,Rio Branco,Solteiro
53,Cleyciane Farias,Empresaria,F,1998.02.23 00:00:00,1500,AC,Rio Branco,Solteiro
54,Jonivalber Manoel Silva,Médico,M,1998.02.24 00:00:00,1500,AC,Rio Branco,Solteiro
55,Raina Maria Maia,Bióloga,M,1998.02.25 00:00:00,1500,AC,Rio Branco,Solteiro
56,Raul Vitor Lopes da Costa,Analista,M,1998.02.26 00:00:00,1500,AC,Rio Branco,Solteiro
57,Marcelo Vinicius Falcão Martins,Programador de Jogos,M,1998.02.27 00:00:00,1500,AC,Rio Branco,Solteiro
58,Juliana Abreu Amaral,Dona do Google,F,1998.02.28 00:00:00,1500,AC,Rio Branco,Solteiro
59,Raul Vitor Lopes da Costa,Analista,M,1998.03.01 00:00:00,1500,AC,Rio Branco,Solteiro
60,Marcelo Vinicius Falcão Martins,Programador de Jogos,M,1998.03.02 00:00:00,5000,Senador Guiomard,Casado
61,Juliana Abreu Amaral,Dona do Google,F,1998.03.03 00:00:00,2000,RO,Porto Velho,Divorciado
62,Cleyciane Farias,Empresaria,F,1998.03.04 00:00:00,2000,SP,São Paulo,Viuvo
63,Jonivalber Manoel Silva,Médico,M,1998.03.05 00:00:00,1500,AC,Rio Branco,Solteiro
64,Raina Maria Maia,Bióloga,M,1998.03.06 00:00:00,1500,AC,Rio Branco,Solteiro
65,Raul Vitor Lopes da Costa,Analista,M,1998.03.07 00:00:00,1500,AC,Rio Branco,Solteiro
66,Marcelo Vinicius Falcão Martins,Programador de Jogos,M,1998.03.08 00:00:00,1500,AC,Rio Branco,Solteiro
67,Juliana Abreu Amaral,Dona do Google,F,1998.03.09 00:00:00,1500,AC,Rio Branco,Solteiro
68,Cleyciane Farias,Empresaria,F,1998.03.10 00:00:00,1500,AC,Rio Branco,Solteiro
69,Jonivalber Manoel Silva,Médico,M,1998.03.11 00:00:00,1500,AC,Rio Branco,Solteiro
70,Raina Maria Maia,Bióloga,M,1998.03.12 00:00:00,1500,AC,Rio Branco,Solteiro
71,Raul Vitor Lopes da Costa,Analista,M,1998.03.13 00:00:00,1500,AC,Rio Branco,Solteiro
72,Marcelo Vinicius Falcão Martins,Programador de Jogos,M,1998.03.14 00:00:00
73,Juliana Abreu Amaral,Dona do Google,F,1998.03.15 00:00:00,1500,AC,Rio Branco,Solteiro
74,Cleyciane Farias,Empresaria,F,1998.03.16 00:00:00,1500,AC,Rio Branco,Solteiro
75,Jonivalber Manoel Silva,Médico,M,1998.03.17 00:00:00,1500,AC,Rio Branco,Solteiro
76,Jonivalber Manoel Silva,Médico,M,1998.03.18 00:00:00,1500,AC,Rio Branco,Solteiro
77,Raina Maria Maia,Bióloga,M,1998.03.19 00:00:00,1500,AC,Rio Branco,Solteiro
78,Raul Vitor Lopes da Costa,Analista,M,1998.03.20 00:00:00,1500,AC,Rio Branco,Solteiro
79,Marcelo Vinicius Falcão Martins,Programador de Jogos,M,1998.03.21 00:00:00,1500,AC,Rio Branco,Solteiro
80,Juliana Abreu Amaral,Dona do Google,F,1998.03.22 00:00:00,1500,AC,Rio Branco,Solteiro
81,Cleyciane Farias,Empresaria,F,1998.03.23 00:00:00,1500,AC,Rio Branco,Solteiro
82,Jonivalber Manoel Silva,Médico,M,1998.03.24 00:00:00,1500,AC,Rio Branco,Solteiro
83,Raina Maria Maia,Bióloga,M,1998.03.25 00:00:00,1500,AC,Rio Branco,Solteiro
84,Raul Vitor Lopes da Costa,Analista,M,1998.03.26 00:00:00,1500,AC,Rio Branco,Solteiro
85,Marcelo Vinicius Falcão Martins,Programador de Jogos,M,1998.03.27 00:00:00,1500,AC,Rio Branco,Solteiro
86,Juliana Abreu Amaral,Dona do Google,F,1998.03.28 00:00:00,1500,AC,Rio Branco,Solteiro
87,Cleyciane Farias,Empresaria,F,1998.03.29 00:00:00,1500,AC,Rio Branco,Solteiro
88,Jonivalber Manoel Silva,Médico,M,1998.03.30 00:00:00,1500,AC,Rio Branco,Solteiro
89,Raul Vitor Lopes da Costa,Analista,M,1998.04.01 00:00:00,1500,AC,Rio Branco,Solteiro
90,Marcelo Vinicius Falcão Martins,Programador de Jogos,M,1998.04.02 00:00:00,5000,Senador Guiomard,Casado
91,Juliana Abreu Amaral,Dona do Google,F,1998.04.03 00:00:00,2000,RO,Porto Velho,Divorciado
92,Cleyciane Farias,Empresaria,F,1998.04.04 00:00:00,2000,SP,São Paulo,Viuvo
93,Jonivalber Manoel Silva,Médico,M,1998.04.05 00:00:00,1500,AC,Rio Branco,Solteiro
94,Raina Maria Maia,Bióloga,M,1998.04.06 00:00:00,1500,AC,Rio Branco,Solteiro
95,Raul Vitor Lopes da Costa,Analista,M,1998.04.07 00:00:00,1500,AC,Rio Branco,Solteiro
96,Marcelo Vinicius Falcão Martins,Programador de Jogos,M,1998.04.08 00:00:00,1500,AC,Rio Branco,Solteiro
97,Juliana Abreu Amaral,Dona do Google,F,1998.04.09 00:00:00,1500,AC,Rio Branco,Solteiro
98,Cleyciane Farias,Empresaria,F,1998.04.10 00:00:00,1500,AC,Rio Branco,Solteiro
99,Jonivalber Manoel Silva,Médico,M,1998.04.11 00:00:00,1500,AC,Rio Branco,Solteiro
100,Raina Maria Maia,Bióloga,M,1998.04.12 00:00:00,1500,AC,Rio Branco,Solteiro
101,Raul Vitor Lopes da Costa,Analista,M,1998.04.13 00:00:00,1500,AC,Rio Branco,Solteiro
102,Marcelo Vinicius Falcão Martins,Programador de Jogos,M,1998.04.14 00:00:00
103,Juliana Abreu Amaral,Dona do Google,F,1998.04.15 00:00:00,1500,AC,Rio Branco,Solteiro
104,Cleyciane Farias,Empresaria,F,1998.04.16 00:00:00,1500,AC,Rio Branco,Solteiro
105,Jonivalber Manoel Silva,Médico,M,1998.04.17 00:00:00,1500,AC,Rio Branco,Solteiro
106,Jonivalber Manoel Silva,Médico,M,1998.04.18 00:00:00,1500,AC,Rio Branco,Solteiro
107,Raina Maria Maia,Bióloga,M,1998.04.19 00:00:00,1500,AC,Rio Branco,Solteiro
108,Raul Vitor Lopes da Costa,Analista,M,1998.04.20 00:00:00,1500,AC,Rio Branco,Solteiro
109,Marcelo Vinicius Falcão Martins,Programador de Jogos,M,1998.04.21 00:00:00,1500,AC,Rio Branco,Solteiro
110,Juliana Abreu Amaral,Dona do Google,F,1998.04.22 00:00:00,1500,AC,Rio Branco,Solteiro
111,Cleyciane Farias,Empresaria,F,1998.04.23 00:00:00,1500,AC,Rio Branco,Solteiro
112,Jonivalber Manoel Silva,Médico,M,1998.04.24 00:00:00,1500,AC,Rio Branco,Solteiro
113,Raina Maria Maia,Bióloga,M,1998.04.25 00:00:00,1500,AC,Rio Branco,Solteiro
114,Raul Vitor Lopes da Costa,Analista,M,1998.04.26 00:00:00,1500,AC,Rio Branco,Solteiro
115,Marcelo Vinicius Falcão Martins,Programador de Jogos,M,1998.04.27 00:00:00,1500,AC,Rio Branco,Solteiro
116,Juliana Abreu Amaral,Dona do Google,F,1998.04.28 00:00:00,1500,AC,Rio Branco,Solteiro
117,Cleyciane Farias,Empresaria,F,1998.04.29 00:00:00,1500,AC,Rio Branco,Solteiro
118,Jonivalber Manoel Silva,Médico,M,1998.04.30 00:00:00,1500,AC,Rio Branco,Solteiro
119,Raul Vitor Lopes da Costa,Analista,M,1998.05.01 00:00:00,1500,AC,Rio Branco,Solteiro
120,Marcelo Vinicius Falcão Martins,Programador de Jogos,M,1998.05.02 00:00:00,5000,Senador Guiomard,Casado
121,Juliana Abreu Amaral,Dona do Google,F,1998.05.03 00:00:00,2000,RO,Porto Velho,Divorciado
122,Cleyciane Farias,Empresaria,F,1998.05.04 00:00:00,2000,SP,São Paulo,Viuvo
123,Jonivalber Manoel Silva,Médico,M,1998.05.05 00:00:00,1500,AC,Rio Branco,Solteiro
124,Raina Maria Maia,Bióloga,M,1998.05.06 00:00:00,1500,AC,Rio Branco,Solteiro
125,Raul Vitor Lopes da Costa,Analista,M,1998.05.07 00:00:00,1500,AC,Rio Branco,Solteiro
126,Marcelo Vinicius Falcão Martins,Programador de Jogos,M,1998.05.08 00:00:00,1500,AC,Rio Branco,Solteiro
127,Juliana Abreu Amaral,Dona do Google,F,1998.05.09 00:00:00,1500,AC,Rio Branco,Solteiro
128,Cleyciane Farias,Empresaria,F,1998.05.10 00:00:00,1500,AC,Rio Branco,Solteiro
129,Jonivalber Manoel Silva,Médico,M,1998.05.11 00:00:00,1500,AC,Rio Branco,Solteiro
130,Raina Maria Maia,Bióloga,M,1998.05.12 00:00:00,1500,AC,Rio Branco,Solteiro
131,Raul Vitor Lopes da Costa,Analista,M,1998.05.13 00:00:00,1500,AC,Rio Branco,Solteiro
132,Marcelo Vinicius Falcão Martins,Programador de Jogos,M,1998.05.14 00:00:00
133,Juliana Abreu Amaral,Dona do Google,F,1998.05.15 00:00:00,1500,AC,Rio Branco,Solteiro
134,Cleyciane Farias,Empresaria,F,1998.05.16 00:00:00,1500,AC,Rio Branco,Solteiro
135,Jonivalber Manoel Silva,Médico,M,1998.05.17 00:00:00,1500,AC,Rio Branco,Solteiro
136,Jonivalber Manoel Silva,Médico,M,1998.05.18 00:00:00,1500,AC,Rio Branco,Solteiro
137,Raina Maria Maia,Bióloga,M,1998.05.19 00:00:00,1500,AC,Rio Branco,Solteiro
138,Raul Vitor Lopes da Costa,Analista,M,1998.05.20 00:00:00,1500,AC,Rio Branco,Solteiro
139,Marcelo Vinicius Falcão Martins,Programador de Jogos,M,1998.05.21 00:00:00,1500,AC,Rio Branco,Solteiro
140,Juliana Abreu Amaral,Dona do Google,F,1998.05.22 00:00:00,1500,AC,Rio Branco,Solteiro
141,Cleyciane Farias,Empresaria,F,1998.05.23 00:00:00,1500,AC,Rio Branco,Solteiro
142,Jonivalber Manoel Silva,Médico,M,1998.05.24 00:00:00,1500,AC,Rio Branco,Solteiro
143,Raina Maria Maia,Bióloga,M,1998.05.25 00:00:00,1500,AC,Rio Branco,Solteiro
144,Raul Vitor Lopes da Costa,Analista,M,1998.05.26 00:00:00,1500,AC,Rio Branco,Solteiro
145,Marcelo Vinicius Falcão Martins,Programador de Jogos,M,1998.05.27 00:00:00,1500,AC,Rio Branco,Solteiro
146,Juliana Abreu Amaral,Dona do Google,F,1998.05.28 00:00:00,1500,AC,Rio Branco,Solteiro
147,Cleyciane Farias,Empresaria,F,1998.05.29 00:00:00,1500,AC,Rio Branco,Solteiro
148,Jonivalber Manoel Silva,Médico,M,1998.05.30 00:00:00,1500,AC,Rio Branco,Solteiro
149,Raul Vitor Lopes da Costa,Analista,M,1998.06.01 00:00:00,1500,AC,Rio Branco,Solteiro
150,Marcelo Vinicius Falcão Martins,Programador de Jogos,M,1998.06.02 00:00:00,5000,Senador Guiomard,Casado
151,Juliana Abreu Amaral,Dona do Google,F,1998.06.03 00:00:00,2000,RO,Porto Velho,Divorciado
152,Cleyciane Farias,Empresaria,F,1998.06.04 00:00:00,2000,SP,São Paulo,Viuvo
153,Jonivalber Manoel Silva,Médico,M,1998.06.05 00:00:00,1500,AC,Rio Branco,Solteiro
154,Raina Maria Maia,Bióloga,M,1998.06.06 00:00:00,1500,AC,Rio Branco,Solteiro
155,Raul Vitor Lopes da Costa,Analista,M,1998.06.07 00:00:00,1500,AC,Rio Branco,Solteiro
156,Marcelo Vinicius Falcão Martins,Programador de Jogos,M,1998.06.08 00:00:00,1500,AC,Rio Branco,Solteiro
157,Juliana Abreu Amaral,Dona do Google,F,1998.06.09 00:00:00,1500,AC,Rio Branco,Solteiro
158,Cleyciane Farias,Empresaria,F,1998.06.10 00:00:00,1500,AC,Rio Branco,Solteiro
159,Jonivalber Manoel Silva,Médico,M,1998.06.11 00:00:00,1500,AC,Rio Branco,Solteiro
160,Raina Maria Maia,Bióloga,M,1998.06.12 00:00:00,1500,AC,Rio Branco,Solteiro
161,Raul Vitor Lopes da Costa,Analista,M,1998.06.13 00:00:00,1500,AC,Rio Branco,Solteiro
162,Marcelo Vinicius Falcão Martins,Programador de Jogos,M,1998.06.14 00:00:00
163,Juliana Abreu Amaral,Dona do Google,F,1998.06.15 00:00:00,1500,AC,Rio Branco,Solteiro
164,Cleyciane Farias,Empresaria,F,1998.06.16 00:00:00,1500,AC,Rio Branco,Solteiro
165,Jonivalber Manoel Silva,Médico,M,1998.06.17 00:00:00,1500,AC,Rio Branco,Solteiro
166,Jonivalber Manoel Silva,Médico,M,1998.06.18 00:00:00,1500,AC,Rio Branco,Solteiro
167,Raina Maria Maia,Bióloga,M,1998.06.19 00:00:00,1500,AC,Rio Branco,Solteiro
168,Raul Vitor Lopes da Costa,Analista,M,1998.06.20 00:00:00,1500,AC,Rio Branco,Solteiro
169,Marcelo Vinicius Falcão Martins,Programador de Jogos,M,1998.06.21 00:00:00,1500,AC,Rio Branco,Solteiro
170,Juliana Abreu Amaral,Dona do Google,F,1998.06.22 00:00:00,1500,AC,Rio Branco,Solteiro
171,Cleyciane Farias,Empresaria,F,1998.06.23 00:00:00,1500,AC,Rio Branco,Solteiro
172,Jonivalber Manoel Silva,Médico,M,1998.06.24 00:00:00,1500,AC,Rio Branco,Solteiro
173,Raina Maria Maia,Bióloga,M,1998.06.25 00:00:00,1500,AC,Rio Branco,Solteiro
174,Raul Vitor Lopes da Costa,Analista,M,1998.06.26 00:00:00,1500,AC,Rio Branco,Solteiro
175,Marcelo Vinicius Falcão Martins,Programador de Jogos,M,1998.06.27 00:00:00,1500,AC,Rio Branco,Solteiro
176,Juliana Abreu Amaral,Dona do Google,F,1998.06.28 00:00:00,1500,AC,Rio Branco,Solteiro
177,Cleyciane Farias,Empresaria,F,1998.06.29 00:00:00,1500,AC,Rio Branco,Solteiro
178,Jonivalber Manoel Silva,Médico,M,1998.06.30 00:00:00,1500,AC,Rio Branco,Solteiro
179,Raul Vitor Lopes da Costa,Analista,M,1998.07.01 00:00:00,1500,AC,Rio Branco,Solteiro
180,Marcelo Vinicius Falcão Martins,Programador de Jogos,M,1998.07.02 00:00:00,5000,Senador Guiomard,Casado
181,Juliana Abreu Amaral,Dona do Google,F,1998.07.03 00:00:00,2000,RO,Porto Velho,Divorciado
182,Cleyciane Farias,Empresaria,F,1998.07.04 00:00:00,2000,SP,São Paulo,Viuvo
183,Jonivalber Manoel Silva,Médico,M,1998.07.05 00:00:00,1500,AC,Rio Branco,Solteiro
184,Raina Maria Maia,Bióloga,M,1998.07.06 00:00:00,1500,AC,Rio Branco,Solteiro
185,Raul Vitor Lopes da Costa,Analista,M,1998.07.07 00:00:00,1500,AC,Rio Branco,Solteiro
186,Marcelo Vinicius Falcão Martins,Programador de Jogos,M,1998.07.08 00:00:00,1500,AC,Rio Branco,Solteiro
187,Juliana Abreu Amaral,Dona do Google,F,1998.07.09 00:00:00,1500,AC,Rio Branco,Solteiro
188,Cleyciane Farias,Empresaria,F,1998.07.10 00:00:00,1500,AC,Rio Branco,Solteiro
189,Jonivalber Manoel Silva,Médico,M,1998.07.11 00:00:00,1500,AC,Rio Branco,Solteiro
190,Raina Maria Maia,Bióloga,M,1998.07.12 00:00:00,1500,AC,Rio Branco,Solteiro
191,Raul Vitor Lopes da Costa,Analista,M,1998.07.13 00:00:00,1500,AC,Rio Branco,Solteiro
192,Marcelo Vinicius Falcão Martins,Programador de Jogos,M,1998.07.14 00:00:00
193,Juliana Abreu Amaral,Dona do Google,F,1998.07.15 00:00:00,1500,AC,Rio Branco,Solteiro
194,Cleyciane Farias,Empresaria,F,1998.07.16 00:00:00,1500,AC,Rio Branco,Solteiro
195,Jonivalber Manoel Silva,Médico,M,1998.07.17 00:00:00,1500,AC,Rio Branco,Solteiro
196,Jonivalber Manoel Silva,Médico,M,1998.07.18 00:00:00,1500,AC,Rio Branco,Solteiro
197,Raina Maria Maia,Bióloga,M,1998.07.19 00:00:00,1500,AC,Rio Branco,Solteiro
198,Raul Vitor Lopes da Costa,Analista,M,1998.07.20 00:00:00,1500,AC,Rio Branco,Solteiro
199,Marcelo Vinicius Falcão Martins,Programador de Jogos,M,1998.07.21 00:00:00,1500,AC,Rio Branco,Solteiro
200,Juliana Abreu Amaral,Dona do Google,F,1998.07.22 00:00:00,1500,AC,Rio Branco,Solteiro
201,Cleyciane Farias,Empresaria,F,1998.07.23 00:00:00,1500,AC,Rio Branco,Solteiro
202,Jonivalber Manoel Silva,Médico,M,1998.07.24 00:00:00,1500,AC,Rio Branco,Solteiro
203,Raina Maria Maia,Bióloga,M,1998.07.25 00:00:00,1500,AC,Rio Branco,Solteiro
204,Raul Vitor Lopes da Costa,Analista,M,1998.07.26 00:00:00,1500,AC,Rio Branco,Solteiro
205,Marcelo Vinicius Falcão Martins,Programador de Jogos,M,1998.07.27 00:00:00,1500,AC,Rio Branco,Solteiro
206,Juliana Abreu Amaral,Dona do Google,F,1998.07.28 00:00:00,1500,AC,Rio Branco,Solteiro
207,Cleyciane Farias,Empresaria,F,1998.07.29 00:00:00,1500,AC,Rio Branco,Solteiro
208,Jonivalber Manoel Silva,Médico,M,1998.07.30 00:00:00,1500,AC,Rio Branco,Solteiro
209,Raul Vitor Lopes da Costa,Analista,M,1998.08.01 00:00:00,1500,AC,Rio Branco,Solteiro
210,Marcelo Vinicius Falcão Martins,Programador de Jogos,M,1998.08.02 00:00:00,5000,Senador Guiomard,Casado
211,Juliana Abreu Amaral,Dona do Google,F,1998.08.03 00:00:00,2000,RO,Porto Velho,Divorciado
212,Cleyciane Farias,Empresaria,F,1998.08.04 00:00:00,2000,SP,São Paulo,Viuvo
213,Jonivalber Manoel Silva,Médico,M,1998.08.05 00:00:00,1500,AC,Rio Branco,Solteiro
214,Raina Maria Maia,Bióloga,M,1998.08.06 00:00:00,1500,AC,Rio Branco,Solteiro
215,Raul Vitor Lopes da Costa,Analista,M,1998.08.07 00:00:00,1500,AC,Rio Branco,Solteiro
216,Marcelo Vinicius Falcão Martins,Programador de Jogos,M,1998.08.08 00:00:00,1500,AC,Rio Branco,Solteiro
217,Juliana Abreu Amaral,Dona do Google,F,1998.08.09 00:00:00,1500,AC,Rio Branco,Solteiro
218,Cleyciane Farias,Empresaria,F,1998.08.10 00:00:00,1500,AC,Rio Branco,Solteiro
219,Jonivalber Manoel Silva,Médico,M,1998.08.11 00:00:00,1500,AC,Rio Branco,Solteiro
220,Raina Maria Maia,Bióloga,M,1998.08.12 00:00:00,1500,AC,Rio Branco,Solteiro
221,Raul Vitor Lopes da Costa,Analista,M,1998.08.13 00:00:00,1500,AC,Rio Branco,Solteiro
222,Marcelo Vinicius Falcão Martins,Programador de Jogos,M,1998.08.14 00:00:00
223,Juliana Abreu Amaral,Dona do Google,F,1998.08.15 00:00:00,1500,AC,Rio Branco,Solteiro
224,Cleyciane Farias,Empresaria,F,1998.08.16 00:00:00,1500,AC,Rio Branco,Solteiro
225,Jonivalber Manoel Silva,Médico,M,1998.08.17 00:00:00,1500,AC,Rio Branco,Solteiro
226,Jonivalber Manoel Silva,Médico,M,1998.08.18 00:00:00,1500,AC,Rio Branco,Solteiro
227,Raina Maria Maia,Bióloga,M,1998.08.19 00:00:00,1500,AC,Rio Branco,Solteiro
228,Raul Vitor Lopes da Costa,Analista,M,1998.08.20 00:00:00,1500,AC,Rio Branco,Solteiro
229,Marcelo Vinicius Falcão Martins,Programador de Jogos,M,1998.08.21 00:00:00,1500,AC,Rio Branco,Solteiro
230,Juliana Abreu Amaral,Dona do Google,F,1998.08.22 00:00:00,1500,AC,Rio Branco,Solteiro
231,Cleyciane Farias,Empresaria,F,1998.08.23 00:00:00,1500,AC,Rio Branco,Solteiro
232,Jonivalber Manoel Silva,Médico,M,1998.08.24 00:00:00,1500,AC,Rio Branco,Solteiro
233,Raina Maria Maia,Bióloga,M,1998.08.25 00:00:00,1500,AC,Rio Branco,Solteiro
234,Raul Vitor Lopes da Costa,Analista,M,1998.08.26 00:00:00,1500,AC,Rio Branco,Solteiro
235,Marcelo Vinicius Falcão Martins,Programador de Jogos,M,1998.08.27 00:00:00,1500,AC,Rio Branco,Solteiro
236,Juliana Abreu Amaral,Dona do Google,F,1998.08.28 00:00:00,1500,AC,Rio Branco,Solteiro
237,Cleyciane Farias,Empresaria,F,1998.08.29 00:00:00,1500,AC,Rio Branco,Solteiro
238,Jonivalber Manoel Silva,Médico,M,1998.08.30 00:00:00,1500,AC,Rio Branco,Solteiro
239,Raul Vitor Lopes da Costa,Analista,M,1998.09.01 00:00:00,1500,AC,Rio Branco,Solteiro
240,Marcelo Vinicius Falcão Martins,Programador de Jogos,M,1998.09.02 00:00:00,5000,Senador Guiomard,Casado
241,Juliana Abreu Amaral,Dona do Google,F,1998.09.03 00:00:00,2000,RO,Porto Velho,Divorciado
242,Cleyciane Farias,Empresaria,F,1998.09.04 00:00:00,2000,SP,São Paulo,Viuvo
243,Jonivalber Manoel Silva,Médico,M,1998.09.05 00:00:00,1500,AC,Rio Branco,Solteiro
244,Raina Maria Maia,Bióloga,M,1998.09.06 00:00:00,1500,AC,Rio Branco,Solteiro
245,Raul Vitor Lopes da Costa,Analista,M,1998.09.07 00:00:00,1500,AC,Rio Branco,Solteiro
246,Marcelo Vinicius Falcão Martins,Programador de Jogos,M,1998.09.08 00:00:00,1500,AC,Rio Branco,Solteiro
247,Juliana Abreu Amaral,Dona do Google,F,1998.09.09 00:00:00,1500,AC,Rio Branco,Solteiro
248,Cleyciane Farias,Empresaria,F,1998.09.10 00:00:00,1500,AC,Rio Branco,Solteiro
249,Jonivalber Manoel Silva,Médico,M,1998.09.11 00:00:00,1500,AC,Rio Branco,Solteiro
250,Raina Maria Maia,Bióloga,M,1998.09.12 00:00:00,1500,AC,Rio Branco,Solteiro
251,Raul Vitor Lopes da Costa,Analista,M,1998.09.13 00:00:00,1500,AC,Rio Branco,Solteiro
252,Marcelo Vinicius Falcão Martins,Programador de Jogos,M,1998.09.14 00:00:00
253,Juliana Abreu Amaral,Dona do Google,F,1998.09.15 00:00:00,1500,AC,Rio Branco,Solteiro
254,Cleyciane Farias,Empresaria,F,1998.09.16 00:00:00,1500,AC,Rio Branco,Solteiro
255,Jonivalber Manoel Silva,Médico,M,1998.09.17 00:00:00,1500,AC,Rio Branco,Solteiro
256,Jonivalber Manoel Silva,Médico,M,1998.09.18 00:00:00,1500,AC,Rio Branco,Solteiro
257,Raina Maria Maia,Bióloga,M,1998.09.19 00:00:00,1500,AC,Rio Branco,Solteiro
258,Raul Vitor Lopes da Costa,Analista,M,1998.09.20 00:00:00,1500,AC,Rio Branco,Solteiro
259,Marcelo Vinicius Falcão Martins,Programador de Jogos,M,1998.09.21 00:00:00,1500,AC,Rio Branco,Solteiro
260,Juliana Abreu Amaral,Dona do Google,F,1998.09.22 00:00:00,1500,AC,Rio Branco,Solteiro
261,Cleyciane Farias,Empresaria,F,1998.09.23 00:00:00,1500,AC,Rio Branco,Solteiro
262,Jonivalber Manoel Silva,Médico,M,1998.09.24 00:00:00,1500,AC,Rio Branco,Solteiro
263,Raina Maria Maia,Bióloga,M,1998.09.25 00:00:00,1500,AC,Rio Branco,Solteiro
264,Raul Vitor Lopes da Costa,Analista,M,1998.09.26 00:00:00,1500,AC,Rio Branco,Solteiro
265,Marcelo Vinicius Falcão Martins,Programador de Jogos,M,1998.09.27 00:00:00,1500,AC,Rio Branco,Solteiro
266,Juliana Abreu Amaral,Dona do Google,F,1998.09.28 00:00:00,1500,AC,Rio Branco,Solteiro
267,Cleyciane Farias,Empresaria,F,1998.09.29 00:00:00,1500,AC,Rio Branco,Solteiro
268,Jonivalber Manoel Silva,Médico,M,1998.09.30 00:00:00,1500,AC,Rio Branco,Solteiro
269,Raul Vitor Lopes da Costa,Analista,M,1998.10.01 00:00:00,1500,AC,Rio Branco,Solteiro
270,Marcelo Vinicius Falcão Martins,Programador de Jogos,M,1998.10.02 00:00:00,5000,Senador Guiomard,Casado
271,Juliana Abreu Amaral,Dona do Google,F,1998.10.03 00:00:00,2000,RO,Porto Velho,Divorciado
280,Cleyciane Farias,Empresaria,F,1998.10.04 00:00:00,2000,SP,São Paulo,Viuvo
281,Jonivalber Manoel Silva,Médico,M,1998.10.05 00:00:00,1500,AC,Rio Branco,Solteiro
282,Raina Maria Maia,Bióloga,M,1998.10.06 00:00:00,1500,AC,Rio Branco,Solteiro
283,Raul Vitor Lopes da Costa,Analista,M,1998.10.07 00:00:00,1500,AC,Rio Branco,Solteiro
284,Marcelo Vinicius Falcão Martins,Programador de Jogos,M,1998.10.08 00:00:00,1500,AC,Rio Branco,Solteiro
285,Juliana Abreu Amaral,Dona do Google,F,1998.10.09 00:00:00,1500,AC,Rio Branco,Solteiro
286,Cleyciane Farias,Empresaria,F,1998.10.10 00:00:00,1500,AC,Rio Branco,Solteiro
287,Jonivalber Manoel Silva,Médico,M,1998.10.11 00:00:00,1500,AC,Rio Branco,Solteiro
288,Raina Maria Maia,Bióloga,M,1998.10.12 00:00:00,1500,AC,Rio Branco,Solteiro
289,Raul Vitor Lopes da Costa,Analista,M,1998.10.13 00:00:00,1500,AC,Rio Branco,Solteiro
290,Marcelo Vinicius Falcão Martins,Programador de Jogos,M,1998.10.14 00:00:00
291,Juliana Abreu Amaral,Dona do Google,F,1998.10.15 00:00:00,1500,AC,Rio Branco,Solteiro
292,Cleyciane Farias,Empresaria,F,1998.10.16 00:00:00,1500,AC,Rio Branco,Solteiro
293,Jonivalber Manoel Silva,Médico,M,1998.10.17 00:00:00,1500,AC,Rio Branco,Solteiro
294,Jonivalber Manoel Silva,Médico,M,1998.10.18 00:00:00,1500,AC,Rio Branco,Solteiro
295,Raina Maria Maia,Bióloga,M,1998.10.19 00:00:00,1500,AC,Rio Branco,Solteiro
296,Raul Vitor Lopes da Costa,Analista,M,1998.10.20 00:00:00,1500,AC,Rio Branco,Solteiro
297,Marcelo Vinicius Falcão Martins,Programador de Jogos,M,1998.10.21 00:00:00,1500,AC,Rio Branco,Solteiro
298,Juliana Abreu Amaral,Dona do Google,F,1998.10.22 00:00:00,1500,AC,Rio Branco,Solteiro
299,Cleyciane Farias,Empresaria,F,1998.10.23 00:00:00,1500,AC,Rio Branco,Solteiro
300,Jonivalber Manoel Silva,Médico,M,1998.10.24 00:00:00,1500,AC,Rio Branco,Solteiro
301,Raina Maria Maia,Bióloga,M,1998.10.25 00:00:00,1500,AC,Rio Branco,Solteiro
302,Raul Vitor Lopes da Costa,Analista,M,1998.10.26 00:00:00,1500,AC,Rio Branco,Solteiro
303,Marcelo Vinicius Falcão Martins,Programador de Jogos,M,1998.10.27 00:00:00,1500,AC,Rio Branco,Solteiro
304,Juliana Abreu Amaral,Dona do Google,F,1998.10.28 00:00:00,1500,AC,Rio Branco,Solteiro
305,Cleyciane Farias,Empresaria,F,1998.10.29 00:00:00,1500,AC,Rio Branco,Solteiro
306,Jonivalber Manoel Silva,Médico,M,1998.10.30 00:00:00,1500,AC,Rio Branco,Solteiro
307,Raul Vitor Lopes da Costa,Analista,M,1998.11.01 00:00:00,1500,AC,Rio Branco,Solteiro
308,Marcelo Vinicius Falcão Martins,Programador de Jogos,M,1998.11.02 00:00:00,5000,Senador Guiomard,Casado
309,Juliana Abreu Amaral,Dona do Google,F,1998.11.03 00:00:00,2000,RO,Porto Velho,Divorciado
310,Cleyciane Farias,Empresaria,F,1998.11.04 00:00:00,2000,SP,São Paulo,Viuvo
311,Jonivalber Manoel Silva,Médico,M,1998.11.05 00:00:00,1500,AC,Rio Branco,Solteiro
312,Raina Maria Maia,Bióloga,M,1998.11.06 00:00:00,1500,AC,Rio Branco,Solteiro
313,Raul Vitor Lopes da Costa,Analista,M,1998.11.07 00:00:00,1500,AC,Rio Branco,Solteiro
314,Marcelo Vinicius Falcão Martins,Programador de Jogos,M,1998.11.08 00:00:00,1500,AC,Rio Branco,Solteiro
315,Juliana Abreu Amaral,Dona do Google,F,1998.11.09 00:00:00,1500,AC,Rio Branco,Solteiro
316,Cleyciane Farias,Empresaria,F,1998.11.10 00:00:00,1500,AC,Rio Branco,Solteiro
317,Jonivalber Manoel Silva,Médico,M,1998.11.11 00:00:00,1500,AC,Rio Branco,Solteiro
318,Raina Maria Maia,Bióloga,M,1998.11.12 00:00:00,1500,AC,Rio Branco,Solteiro
319,Raul Vitor Lopes da Costa,Analista,M,1998.11.13 00:00:00,1500,AC,Rio Branco,Solteiro
320,Marcelo Vinicius Falcão Martins,Programador de Jogos,M,1998.11.14 00:00:00
321,Juliana Abreu Amaral,Dona do Google,F,1998.11.15 00:00:00,1500,AC,Rio Branco,Solteiro
322,Cleyciane Farias,Empresaria,F,1998.11.16 00:00:00,1500,AC,Rio Branco,Solteiro
323,Jonivalber Manoel Silva,Médico,M,1998.11.17 00:00:00,1500,AC,Rio Branco,Solteiro
324,Jonivalber Manoel Silva,Médico,M,1998.11.18 00:00:00,1500,AC,Rio Branco,Solteiro
325,Raina Maria Maia,Bióloga,M,1998.11.19 00:00:00,1500,AC,Rio Branco,Solteiro
326,Raul Vitor Lopes da Costa,Analista,M,1998.11.20 00:00:00,1500,AC,Rio Branco,Solteiro
327,Marcelo Vinicius Falcão Martins,Programador de Jogos,M,1998.11.21 00:00:00,1500,AC,Rio Branco,Solteiro
328,Juliana Abreu Amaral,Dona do Google,F,1998.11.22 00:00:00,1500,AC,Rio Branco,Solteiro
329,Cleyciane Farias,Empresaria,F,1998.11.23 00:00:00,1500,AC,Rio Branco,Solteiro
330,Jonivalber Manoel Silva,Médico,M,1998.11.24 00:00:00,1500,AC,Rio Branco,Solteiro
331,Raina Maria Maia,Bióloga,M,1998.11.25 00:00:00,1500,AC,Rio Branco,Solteiro
332,Raul Vitor Lopes da Costa,Analista,M,1998.11.26 00:00:00,1500,AC,Rio Branco,Solteiro
333,Marcelo Vinicius Falcão Martins,Programador de Jogos,M,1998.11.27 00:00:00,1500,AC,Rio Branco,Solteiro
334,Juliana Abreu Amaral,Dona do Google,F,1998.11.28 00:00:00,1500,AC,Rio Branco,Solteiro
335,Cleyciane Farias,Empresaria,F,1998.11.29 00:00:00,1500,AC,Rio Branco,Solteiro
336,Jonivalber Manoel Silva,Médico,M,1998.11.30 00:00:00,1500,AC,Rio Branco,Solteiro
337,Raul Vitor Lopes da Costa,Analista,M,1998.12.01 00:00:00,1500,AC,Rio Branco,Solteiro
338,Marcelo Vinicius Falcão Martins,Programador de Jogos,M,1998.12.02 00:00:00,5000,Senador Guiomard,Casado
339,Juliana Abreu Amaral,Dona do Google,F,1998.12.03 00:00:00,2000,RO,Porto Velho,Divorciado
340,Cleyciane Farias,Empresaria,F,1998.12.04 00:00:00,2000,SP,São Paulo,Viuvo
341,Jonivalber Manoel Silva,Médico,M,1998.12.05 00:00:00,1500,AC,Rio Branco,Solteiro
342,Raina Maria Maia,Bióloga,M,1998.12.06 00:00:00,1500,AC,Rio Branco,Solteiro
343,Raul Vitor Lopes da Costa,Analista,M,1998.12.07 00:00:00,1500,AC,Rio Branco,Solteiro
344,Marcelo Vinicius Falcão Martins,Programador de Jogos,M,1998.12.08 00:00:00,1500,AC,Rio Branco,Solteiro
345,Juliana Abreu Amaral,Dona do Google,F,1998.12.09 00:00:00,1500,AC,Rio Branco,Solteiro
346,Cleyciane Farias,Empresaria,F,1998.12.10 00:00:00,1500,AC,Rio Branco,Solteiro
347,Jonivalber Manoel Silva,Médico,M,1998.12.11 00:00:00,1500,AC,Rio Branco,Solteiro
348,Raina Maria Maia,Bióloga,M,1998.12.12 00:00:00,1500,AC,Rio Branco,Solteiro
349,Raul Vitor Lopes da Costa,Analista,M,1998.12.13 00:00:00,1500,AC,Rio Branco,Solteiro
350,Marcelo Vinicius Falcão Martins,Programador de Jogos,M,1998.12.14 00:00:00
351,Juliana Abreu Amaral,Dona do Google,F,1998.12.15 00:00:00,1500,AC,Rio Branco,Solteiro
352,Cleyciane Farias,Empresaria,F,1998.12.16 00:00:00,1500,AC,Rio Branco,Solteiro
353,Jonivalber Manoel Silva,Médico,M,1998.12.17 00:00:00,1500,AC,Rio Branco,Solteiro
354,Jonivalber Manoel Silva,Médico,M,1998.12.18 00:00:00,1500,AC,Rio Branco,Solteiro
355,Raina Maria Maia,Bióloga,M,1998.12.19 00:00:00,1500,AC,Rio Branco,Solteiro
356,Raul Vitor Lopes da Costa,Analista,M,1998.12.20 00:00:00,1500,AC,Rio Branco,Solteiro
357,Marcelo Vinicius Falcão Martins,Programador de Jogos,M,1998.12.21 00:00:00,1500,AC,Rio Branco,Solteiro
358,Juliana Abreu Amaral,Dona do Google,F,1998.12.22 00:00:00,1500,AC,Rio Branco,Solteiro
359,Cleyciane Farias,Empresaria,F,1998.12.23 00:00:00,1500,AC,Rio Branco,Solteiro
360,Jonivalber Manoel Silva,Médico,M,1998.12.24 00:00:00,1500,AC,Rio Branco,Solteiro
361,Raina Maria Maia,Bióloga,M,1998.12.25 00:00:00,1500,AC,Rio Branco,Solteiro
362,Raul Vitor Lopes da Costa,Analista,M,1998.12.26 00:00:00,1500,AC,Rio Branco,Solteiro
363,Marcelo Vinicius Falcão Martins,Programador de Jogos,M,1998.12.27 00:00:00,1500,AC,Rio Branco,Solteiro
364,Juliana Abreu Amaral,Dona do Google,F,1998.12.28 00:00:00,1500,AC,Rio Branco,Solteiro
365,Cleyciane Farias,Empresaria,F,1998.12.29 00:00:00,1500,AC,Rio Branco,Solteiro
366,Jonivalber Manoel Silva,Médico,M,1998.12.30 00:00:00,1500,AC,Rio Branco,Solteiro